Strategy,Period,Load Type,Position MW
COARSE_CAL,CAL,BASE,4.39197606619989
COARSE_CAL,CAL,PEAK,1.884446838756853
GRANULAR,M01,BASE,5.043654617774777
GRANULAR,M02,BASE,4.933091407048534
GRANULAR,M03,BASE,4.650887451306865
GRANULAR,Q2,BASE,3.999984836650944
GRANULAR,Q3,BASE,3.848250095066484
GRANULAR,Q4,BASE,4.656148773243344
GRANULAR,M01,PEAK,2.330975869977061
GRANULAR,M02,PEAK,2.217229621615041
GRANULAR,M03,PEAK,1.9713732300475997
GRANULAR,Q2,PEAK,1.678230158011792
GRANULAR,Q3,PEAK,1.5412141592668436
GRANULAR,Q4,PEAK,2.134827251087953
