Month,UNHEDGED,COARSE_CAL,GRANULAR
1,81.3933134829947,81.51496103612025,80.1100576069179
2,64.88166917821015,79.03873692427005,63.61722138331985
3,66.60384845677439,78.43591856066769,65.35742253460307
4,63.28715331466334,79.2867946081529,66.15175178115803
5,66.42397190768052,80.55464666817412,66.29387280959888
6,74.49060377306628,80.97236948697216,67.3043629465769
7,66.93569938243411,81.74141510368149,74.88397324133591
8,79.91564661156757,77.4066732191824,72.9468548096215
9,78.91120329882186,78.49125194275598,74.23936410178597
10,90.99128490926644,80.56056414319113,110.15641533788524
11,121.71552015092767,82.76691493739055,108.38609590412773
12,119.36274515284701,86.48339380662607,110.70119128233569
